War,qid,description
1585 Ottoman expedition against the Druze,,
1851 Chilean revolution,Q4554827,failed attempt to overthrow Chile's government
1859 Chilean revolution,,
1911 Revolution,Q190517,revolution in China that overthrew the Qing dynasty and established the Republic of China
1948 Palestine War,Q49097,first war of the Arab–Israeli conflict
1990 Chadian coup d'ÃÂ©tat,,
Aceh War,Q277450,1873–1904 war resulting in Dutch annexation of Aceh
Adal-Ethiopian War,,
Afghan Civil War,Q1519107,armed conflicts in Afghanistan since 1978
Afghan Wars of Succession,,
Afghan-Sikh Wars,,
Agathoclean War,,
AhomâMughal wars,,
Aksum-Sabaean War,,
Al-Khurma dispute,Q12244155,1918–1919 war between Abdulaziz Ibn Saud of the Emirate of Nejd and Hasa and the Hashemites of the Kingdom of Hejaz
Albanian-Ottoman Wars,,
Algerian War,Q200790,war between France and the Algerian independence movement from 1954 to 1962
Allesis Insurrection,,
American Civil War,Q8676,1861–1865 civil war in the United States between the North and the South over the enslavement of African-Americans
American Colonial Wars,,
American Indian Wars,Q849680,"frontier conflicts between American, Canadian and European settlers and Indigenous peoples of the Americas"
American Revolutionary War,Q40949,"1775–1783 war between Great Britain and the Thirteen Colonies, which won independence as the United States of America"
American-Moro Wars,,
An Lushan rebellion,Q253774,rebellion against the Tang dynasty of China in 755 C.E
Anatolian Rebellion,,
Angevin Conquest of the Two Sicilies,,
Anglo Saxon Territorial War,,
Anglo-Arab Wars,,
Anglo-Ashanti wars,Q722051,series of wars
Anglo-Dutch wars,Q755170,series of wars during the 17th and 18 century
Anglo-Egyptian War,Q616939,1882 armed conflict in Egypt
Anglo-French Wars,Q4763632,list of wars between England and France
Anglo-Norman Rebellion,,
Anglo-Norman invasion of Ireland,Q56003240,scholarly article
Anglo-Persian War,Q617772,war between Great Britain and Iran
Anglo-Portuguese Colonial Wars,,
Anglo-Saxon settlement of England,Q3435247,process which changed the language and culture of most of what became England from Romano-British to Germanic
Anglo-Scottish Territorial Wars,,
Anglo-Scottish Wars,Q1640586,wars and battles between England and Scotland
Anglo-Spanish War,Q430726,1585–1604 war between the kingdoms of Spain and England
Anglo-Welsh Wars,Q76470954,edition; published in 2001
Anglo-Zulu War,Q228911,war between the British Empire and the Zulu Kingdom fought in the Zulu lands in South Africa in 1879
Angolan War,Q1780216,conflict in Angola between 1961 and 1975
Apache Wars,Q617827,armed conflicts between indigenous peoples and the US Army from 1849 to circa 1924
Arab-Byzantine wars,,
Aragon's Conquest of Naples,,
Aragon's Conquest of Sardinia,,
Aragonese Civil War,,
Arcadian War,,
Archidamian Wars,,
Argentine Civil Wars,Q2697981,series of civil wars in Argentina between 1814 and 1880
Argentine War of Independence,Q617409,Argentina's war against Spain for independence
Argentine-Brazilian War,,
Argentine-Uruguayan War,,
Ashanti Rising,,
Ashikaga Rebellion,,
Assyrian Wars,,
Attack on the Canton Forts,,
Austro-Hungarian War,,
Axum Meroite War,,
Aztec Wars of Conquest,,
Babylon's War of Conquest,,
Bacon's Rebellion,Q798594,1676 Virginia rebellion against the colonial government
Bahmani-Vijayanagar Wars,,
Balkan National Wars,,
Baluchi Rebellion,,
Bangladesh Liberation War ,Q371394,conflict that led to the independence of the majority-Bengali country
Bannock War,Q2321496,1878 armed conflict between Bannock and Paiute warriors
Baputhi War,,
Bar-Cocheba's Revolt,,
Battle of Alfarrobeira,Q2887822,1449 battle
Battle of Carchemish,Q633560,ancient battle between Egypt and Babylon
Battle of Dong Dang,Q4870894,1885 battle of the Sino-French War in northern Vietnam
Battle of Grahovac,Q3545065,1858 battle
Battle of Karameh,Q1930278,1968 battle between Israel and the PLO and Jordan
Battle of Legnano,Q283364,1176 medieval battle
Battle of Mogadishu,Q52226,"battle fought on 3 and 4 October 1993, in Mogadishu, Somalia"
Battle of Naissus,Q929265,battle between the Goths and the Romans under Emperor Gallienus (268/269)
Battle of Qatwan,Q3950956,1141 battle in Central Asia
Battle of Soissons,Q1115943,battle in 718
Battle of Sybota,Q951932,433 BCE battle during the Peloponnesian War
Battle of the Elleporus,Q1752814,battle between Syracuse and the Italiote League (389 BC)
Bay of Pigs Invasion,Q191721,failed landing operation of Cuba in 1961
Belgian War,Q792317,Belgian breed of horse
Bengal War,Q65077587,
Berber Revolt,Q759998,war
Bijapur-Maratha Wars,,
Bishops' Wars,Q807843,17th-century religious conflicts in Britain
Bizerte crisis,Q879267,1961 conflict between France and Tunisia
Black Hawk War,Q879980,1832 conflict between the United States and Native Americans
Blackfoot Indian Wars,,
Boer Matabele War,,
Boer-Matabele War,,
Bohemian Wars,Q478301,15th-century wars fought between Protestant Hussites and Catholic forces
Bolivian War of Independence,Q68475,armed conflict in Bolivia between 1809 and 1825
Bolivian-Peruvian War,,
Bosnian War,Q181533,1992–1995 armed conflict in Bosnia and Herzegovina
Boxer Rebellion,Q150229,anti-imperialist uprising which took place in China 1899-1901
Brabantine Rebellion,,
Branas Rebellion,,
Brazilian War of Independence,Q3082702,1822–1823 war between Portugal and Brazil
Brazillian Occupation of Uruguay,,
Breton Rebellion,,
British Afghan War,,
British Civil Wars,Q2577772,"British civil wars, 1639–1651"
British Conquest of Nigeria,,
British Conquest of Northern Nigeria,,
British Conquest of Sierra Leone,,
British Conquest of Sindh,Q116044955,campaign of the British conquest of India (1843)
British Expedition to Ethiopia,,
British Expeditions against Malay Piracy,,
British Gwalior War,,
British expedition to Tibet,Q592550,expedition to and invasion of Tibet 1903-1904
British-Bhutanese Wars,,
British-Gurkha Wars,,
British-Maratha Wars,,
British-Mysore War,,
British-Satsuma War,,
Brunei Revolt,Q3299246,December 1962 insurrection in the British protectorate of Brunei
Bulavin Rebellion,Q4098701,1707-1708 Cassock revolt against Russian rule
Bulgarian Imperial Wars,,
Burgundian Wars,Q315342,"conflict between the Dukes of Burgundy and the Old Swiss Confederacy, 1474–77"
Burmese Civil Wars,,
Burmese Dynastic Wars,,
Burmese-Laotian War,,
Burmese-Siamese wars,Q4116387,series of military conflicts between Burma and Siam
Byzantine Military Rebellion,,
Byzantine Muslim Wars,,
Byzantine War of Succession,,
Byzantine Wars of Tsar Samuel,,
Byzantine-Bulgarian wars,,
Byzantine-Latin wars,,
Byzantine-Norman wars,,
Byzantine-Ottoman Wars,Q630259,conflict
Byzantine-Pecheneg Wars,Q109390475,
Byzantine-Russian Wars,,
Byzantine-Seljuk wars,,
Byzantine-Serbian wars,,
Cambodian Civil War,Q817206,civil war in Cambodia between 1970 and 1975
Cambodian-Spanish War,,
Campaigns of the Prophet Mohammad,,
Canadian Rebellion,,
Canadian River Expedition,,
Carlist Wars,Q1178424,series of wars in 19th-century Spain
Carolingian Imperial Wars,,
Carthaginian Invasion of Sicily,,
Carthaginian-Greek Wars,,
Castilian War of Succession,,
Catalonian Uprising,,
Catiline Revolt,,
Cayuse Indian War,,
Central American Civil Wars,Q96167044,Wikimedia disambiguation page
Chaco War,Q223126,war between Bolivia and Paraguay
Chadian Civil War of 1965-1979,,
Chadian-Libyan War,,
Cheyenne Indian War,,
Chickasaw-French War,,
Chilean Civil War of 1891,Q2704441,conflict between Congress and President
Chilean Conservative Revolution,,
Chilean War of Independence,Q1072889,"1812–1827 war between patriots and royalists, which resulted in the ''de facto'' independence of Chile from the Spanish Crown"
China's Era of the Warring States,,
Chinese Civil War,Q179975,1927–1949 civil war between the Kuomintang and the Communist Party in China
Chinese Conquest of Taiwan,,
Chinese Conquest of Tibet,Q20811334,Wikimedia disambiguation page
Chinese-Mongol Wars,,
Chitral Campaign,,
Chremonidian War,,
Christian Reconquest of Portugal,,
Christian Reconquest of Zamora,,
Christian Rising in Armenia,,
Christian-Muslim Wars in Spain,,
Chu-Han War,,
Civil War of Emperor Severus,,
Cleomenic War,,
Colombia-Peru War,,
Colombian Civil War,Q3119160,series of conflicts in Colombia during the 19th century
Colombian War of Independence,Q3063789,1810 war leading to Colombian Independence
Comanche Wars,Q5150525,"conflicts over Comanche lands, 1706 to 1870s"
Comuneros Uprising,,

Condottieri Wars,,
Congolese Civil War,Q364610,number of armed internal conflicts in the present-day countries of the DR Congo and the Republic of the Congo in Central Africa
Conquest of al-Hasa,Q16692266,1913 event in the unification of Saudi Arabia
Conquest of the Desert,Q1348983,1870's-80's Argentine campaign in Patagonia
Corfu Incident,Q2008840,1923 Greek–Italian military crisis
Corinthian War,Q651008,395-387 BCE Greek conflict
Corsair Wars,,
Costa Rican Civil War,Q3434218,1948 conflict in Costa Rica
Counts War,,
Creek Indian Wars,,
Cresaps War,,
Crimean War,Q254106,military conflict fought between October 1853 – March 1856
Crusades,Q12546,mass military expeditions and wars initiated by the Catholic Church in the High Middle Ages
Cuban Revolution,Q11264,revolution in Cuba culminating in 1959
Cuban War of Independence,Q1514908,"armed conflict between the United States, Cuba and Spain"
Dackes Rebellion,,
Dacres Rebellion,,
Danish Conquest of England,,
Danish Counts War,,
Danish War of Succession,,
Danish Wars of Expansion,,
DanishâHanseatic War,,
Dano-Swedish Wars,Q680474,series of wars
Deccan wars,Q139845,wars between the Maratha Empire and the Mughal Empire
Defense of the Great Wall,Q708451,1933 campaign between the armies of China and Japan before the Second Sino-Japanese War
Delhi Sultanate-Bengal War,,
Dhofar War,Q2363565,Civil war in the Sultanate of Muscat and Oman
Diaz Revolt in Mexico,,
Diaz Revolt in Uruguay,,
Dominican Civil War,Q955457,1965 civil war in the Dominican Republic
Dominican War of Independence,,
Dominitians Dacian War,,
Douglas Rebellion,,
Drake's Caribbean Raids,,
Drakes Caribean Raid,,
Dummers War,,
Dungan Revolt,Q889879,Muslim minority revolt against Qing dynasty China
Dunmore's War,Q2632175,1774 war between Virginian colonist and Native Americans
Dutch Conquest of Aceh,,
Dutch Conquest of Bali,,
Dutch Spanish Colonial Wars,,
Dutch Wars in the East Indies,,
Dutch intervention in Bali (1906),,
Dutch-Indonesian War,,
Dutch-Portuguese War,Q377269,war (1602–1663) between the Dutch and Portuguese colonial empires
Dutch-Spanish Colonial Wars,,
Earlier Nine Year's War,,
Earlier Nine Years War,,
Early Assyrian Wars,,
Early Christian Reconquest of Spain,,
Early Dutch Indonesian Wars,,
Early Dutch Wars in the East Indies,,
Early Portuguese Colonial Wars in Asia,,
Early Roman Etruscan War,,
Early Russian Dynastic Wars,,
Early Syrian-Parthian War,,
Easter Rising,Q193689,"armed insurrection in Ireland during Easter Week, 1916"
Eastern Dynastic Muslim Wars,,
Eastern Muslim Dynastic Wars,,
Ecuador-Colombia War,,
Ecuadorian Civil War,Q1822896,process of political and economic transformation in Ecuador
Ecuadorian War of Independence,Q5334383,armed conflict in Ecuador between 1820 and 1822
Egyptian Conquest of Judah,,
Egyptian Crusade of Peter of Cyprus,,
Egyptian Wars of Expansion,,
Egyptian-Ethiopian War,,
Egyptian-Ethiopian Wars,,
Egyptian-Hittite Wars,,
Egyptian-Nubian War,,
Egyptian-Ottoman War (1831-1833),,
Egyptian-Ottoman War (1839-1841),,
Egyptian-Syrian Wars,,
Eighty Years War,Q164432,16th- and 17th-century Dutch revolt against the Habsburgs
El Porte,Q24001501,mountain in Spain
Emmets Insurrection,,
English Baron's Revolt,,
English Conquest of Wales,,
English Invasion of Ireland,,
English Invasion of Scotland,Q74455525,English invasion of Scotland in 1385
English Period of Anarchy,,
Eritrean War of Independence,Q607257,1961–1991 conflict within Ethiopia
Escobar Rebellion,Q6102461,conflict in northern Mexico in 1929 during the Maximato
Estonian War of Independence,Q1127302,1918–1920 war between Estonia and Soviet Russia
Ethiopian Civil War,Q257724,civil war in Ethiopia between 1974 and 1991
Ethiopian War,Q101231200,civil conflict that began in November 2020 in the Tigray Region of Ethiopia
Ethiopian-Adal War,,
Ethiopian-Eritrean War,,
Etruscan War,,
Eureka Rebellion,Q2164870,"1854 miners' revolt in Victoria, Australia"
European wars of religion,Q2490042,series of wars waged in Europe during the 16th and 17th centuries
Falklands War,Q48249,undeclared war between Argentina and the United Kingdom in 1982
Fall of Ghana,,
Fall of the Qin Dynasty,,
Fall of the Western Roman Empire,Q608613,loss of central political control in the Western Roman Empire in late antiquity
Fall of the Xin Dynasty,,
Filibuster War,Q5027839,Attempt by William Walker to take over Nicaragua
Final Christian Reconquest of Spain,,
Finnish Civil War,Q211855,1918 civil war in Finland
First Anglo-Afghan War,Q989092,1838–1842 war between the British Empire and the Emirate of Afghanistan
First Anglo-Burmese War,Q29122,first (5 March 1824 – 24 February 1826) of three wars fought between the British and Burmese Empire
First Anglo-Maratha War,Q1362209,"war between the British East India Company and the Maratha Empire, 1775-1782"
First Anglo-Mysore War,Q617070,conflict in India between the Sultanate of Mysore and the East India Company.
First Anglo-Sikh War,Q582584,conflict between the Sikh Empire and the British East India Company
First Balkan War,Q177918,war involving the Balkan League and the Ottoman Empire
First Barons War,,
First Barons' War,Q2086498,civil war in the Kingdom of England (1215-1217)
First Boer War,Q329203,military conflict in South Africa (1880–1881)
First British Ashanti War,,
First British-Ashanti War,,
First Carnatic War,Q1362162,(1746-1748)
First Chechen War,Q29269,war fought from 1994 to 1996 in Chechnya
First Franco-Dahomean War,Q2092939,1890 war between France and Dahomey
First Honduran Civil War,Q6086281,war in Honduras
First Indochina War,Q748780,1946–1954 French colonial war in Vietnam
First Italian War of Independence,Q920894,"1848-1849 conflict, part of the Italian unification (Risorgimento)"
First Italo-Ethiopian War,Q989115,1895-1896 war between the Ethiopian Empire and the Kingdom of Italy
First Madagascar expedition,Q942561,1883 French military expedition against the Merina Kingdom on the island of Madagascar
First Opium War,Q191282,war between Great Britain and China in the 19th century
First Sacred War,Q1249250,Ancient military conflict
First Saudi-Rashidi War ,,
First Schleswig War,Q685683,military conflict 1848–1851
First Serbian Uprising,Q368689,part of the Serbian Revolution
First Servile War,Q618066,"ancient Roman slave rebellion, 135-132 BCE"
First Sino-Japanese War,Q178687,"1894–1895 war between the Qing dynasty and the Empire of Japan over influence in Joseon, fought chiefly in Joseon"
First War of Scottish Independence,Q3242848,war between English and Scottish forces
First War of Villmergen,Q1267097,Swiss religious war in 1656
First Zhili-Fengtian War ,,
First Zulu Civil War,,
Flammock's Rebellion,,
Florentine Pisan Wars,,
Florentine-Milanese War,,
Florentine-Milanese Wars,,
Florentine-Neapolitan War,,
Florentine-Pisan Wars,,
Fourth Anglo-Mysore War,Q617782,war
Fourth Macedonian War,Q552373,war
Fourth Sacred War,Q1669192,
Franco- Burgundian Wars,,
Franco-Austrian War,Q5484456,Wikimedia disambiguation page
Franco-Barbary Wars,,
Franco-Burgundian Wars,,
Franco-Dutch War,Q646322,conflict between the Dutch Republic and France and their allies (1672-1678)
Franco-Flemish Wars,,
Franco-Frisian War,,
Franco-Genoese War,,
Franco-Habsburg War,,
Franco-Habsburg Wars,,
Franco-Prussian War,Q46083,1870–1871 military conflict of the Second French Empire versus Prussia and its allies
Franco-Spanish War,Q617333,1635–1659 war
Franco-Spanish Wars,,
Franco-Syrian War,Q2992403,1920 war in the Middle East
Franco-Thai War of 1688,,
Franco-Visigothic Wars,Q60760993,series of wars between the Franks and the Visigoths
Frankish Civil Wars,,
Frankish Imperial Wars,,
Frankish War of Succession,,
Frankish-Alemmanic War,,
Frederick's 1st Expedition to Italy,,
Frederick's 2nd Expedition to Sicily,,
Frederick's 3rd Expedition to Italy,,
Frederick's Expedition to Italy,,
Frederick's Second Expedition to Italy,,
French Baron's War,,
French Civil War,Q67010068,Wikimedia disambiguation page
French Colonial War in North Africa,,
French Colonial Wars in North Africa,,
French Conquest of Algeria,Q2629782,"sequence of military campaigns, from 1830 until 1902"
French Conquest of Chad,,
French Conquest of Indo-China,,
French Conquest of Quebec,,
French Revolutionary War (Vendee),,
French Revolutionary War (Vendeen War),,
French Revolutionary Wars,Q207318,1792–1802 series of conflicts between the French Republic and several European monarchies
French Revolutionary Wars (1st Coaltion),,
French Revolutionary Wars (2nd Coaltion),,
French Revolutionary Wars (First Coaltion),,
French Revolutionary Wars (Vendee,,
French Revolutionary Wars (Vendee Revolt),,
French Revolutionary Wars (Vendeen War),,
French Revolutionary Wars 1st Coalition,,
French Revolutionary Warsf,,
French War,Q673175,religious and military conflicts between Protestants and Catholics in France from 1562 to 1598
French War of,Q16533921,"conflict between England and France from 1294 to 1303, chiefly around Gascony and Flanders"
French War of Henry VIII,,
French War of Richard I,,
French Wars of Religion,Q673175,religious and military conflicts between Protestants and Catholics in France from 1562 to 1598
French-Aragonese War,,
French-Canadian Rebellion,,
Fronde,Q9263918,1902 Arquebuse-class destroyer
Frontier War,Q64072748,scientific article published on 01 May 2019
Gallic Invasion of Italy,,
Gallic Wars,Q202161,war (58–50 BCE) between the Roman Republic and Gaul
Gallic Wars in Italy,,
Garibaldi's First March on Rome,,
Garibaldi's Second March on Rome,,
Garibaldis Second March on Rome,,
Gdansk War,,
Gempei War,Q737542,conflict during late-Heian period of Japan
Genko War,Q1432624,civil war
Genoese-Pisan War,,
Genoese-Turkish War,,
Georgian-Iranian Conflict,,
Geradline Rebellion,,
Geraldine Rebellion,,
German Civil Wars,,
German Colonial Wars in Africa,,
German Ducal Wars,,
German Imperial Wars,,
German Invasion of Italy,,
German Knights War,,
German Peasant's War,,
German Peasants War,,
German Peasants' War,Q154031,conflict
German Towns War,,
German War of Succession,,
German-Magyar War,,
Ghor-Ghazni Wars,,
Ghor-Khwarezmian War,,
Giaou Chau,,
Gildos Rebellion,,
Glendower's Rebellion,,
Glorious Revolution,Q189508,British revolution of 1688
Gosannen War,Q1187411,fought in the 1080s in Mutsu Province on the Japanese island of Honshū
Gothic Wars,Q3331223,
Gran Colombia-Peru War,,
Great Frontier Rising,,
Great Northern War,Q151616,conflict between anti-Swedish coalition Led by Russia and Swedish empires in 1700–1721
Great Rebellion of 1817-1818,,
Great Syrian Revolt,Q1968718,uprising against the French rule in Mandatory Syria and Lebanon
Greco-Persian Wars,Q76026,series of conflicts between the Achaemenid Empire of Persia and poleis of the Hellenic world in the fifth century BCE
Greco-Turkish War,Q87138,war lasting from 1919 to 1922 during the Turkish War of Independence
Greco-Turkish War (1897),Q657055,1897 war between the Kingdom of Greece and the Ottoman Empire
Greek Civil War,Q188972,1943–1949 civil war in Greece
Greek War,Q182062,Greek rebellion against the Ottoman Empire (1821–1829)
Greek War n of Independence,,
Greek War of Independence,Q182062,Greek rebellion against the Ottoman Empire (1821–1829)
Greek Wars of Independence,,
Guarani War,Q2427419,war in South America in 1756
Guatemalan Civil War,Q1282732,1960–1996 civil war in Guatemala
Guelf-Ghibbeline Wars,,
Guelf-Ghibeline Wars,,
Guelf-Ghibelline Wars,,
Gugler's War,Q109317878,
Guinea-Bissau War of Independence,Q2609193,1963-1974 armed conflict in Portuguese Guinea
Guinea-Bissau War of Independence ,Q2609193,1963-1974 armed conflict in Portuguese Guinea
Gulf War,Q37643,1990–1991 conflict between Iraq and a 42-country coalition
Guo Huaiyi rebellion,Q6165289,17th-century revolt on Taiwan
Guo Songling's Revolt,,
Gutierrez Rebellion,,
Gutierrez-Magee Expedition,,
Habsburg Wars of Succession,,
Habsburg-Ottoman War,Q1032343,1540–1547 war between Ottoman Empire and the Habsburg Monarchy
Habsburg-Polish War,Q3016850,wars of succession involving the states and peoples of Europe
Habsburg-Swiss Wars,,
Habsburg-Valois War,Q2524228,1550s war between France and the Holy Roman Empire
HanâXiongnu Wars,,
Hawaiian Wars,,
Hedgeley Moor,Q105985432,"moorland in Hedgeley parish, Northumberland, England, UK"
Heiji War,,
Herero and Nama genocide,Q312492,1904–1908 genocide committed by the German colonial administration in Africa
Hirotsuke's Rebellion,,
HispanoâMoroccan War,,
Hogen War,,
Huang Chao Rebellion,Q620621,874–884 uprising against Tang rule in China
Huguenot rebellions,Q3454505,rebellions in in the Kingdom of France
Hun Invasion of India,Q131471380,
Hun Invasion of the Roman Empire,,
Hun Ostrogoth Wars,,
Hun-Ostrogoth Wars,,
Hundred Years War,Q12551,series of conflicts and wars between England and France between 1337 and 1453
Hungarian Civil War,Q108582422,Military conflict
Hungarian National Wars,,
Hungarian Revolutionary War,,
Hungarian Revolutionary Wars,,
Hungarian-Czechoslovak War,,
Hungarian-Ottoman Wars,,
Hungarian-Romanian War,,
Hungarian-Venetian Wars,,
Huntly Rebellion,,
Hussite Wars,Q478301,15th-century wars fought between Protestant Hussites and Catholic forces
Ifni War,Q1640107,1957–1958 armed conflicts in Spanish West Africa
Ikhwan Revolt ,Q3938020,1927 uprising in Saudi Arabia
Illyrian Wars,,
Imperial Invasion of Sicily,,
Imperial Papal War,,
Imperial-Papal Wars,,
Inca Revolt,,
Inca War of Succession,,
Indian Campaigns of Ahmad Shah,,
Indian Campaigns of Ahmed Shah,,
Indian Dynastic War,,
Indian Dynastic Wars,,
Indian Mutiny,Q129864,1857–58 uprising against British Company rule
Indian War,Q129864,1857–58 uprising against British Company rule
Indo-Pakistani War of 1965,Q233583,culmination of skirmishes between India and Pakistan in 1965
Indo-Pakistani War of 1971,Q1922071,military confrontation between India and Pakistan alongside the Bangladesh Liberation War
Indo-Pakistani war of 1947-1948,,
Indonesia-Malaysia confrontation,Q1361929,military conflict (1963–1966)
Indonesian Civil Wars,,
Indonesian National Revolution,Q1332160,armed conflict and diplomatic struggle between Indonesia and the Dutch Empire
Indonesian War of Independence,Q1332160,armed conflict and diplomatic struggle between Indonesia and the Dutch Empire
Ingles Rebellion,,
Iran-Iraq War,Q82664,1980-1988 war between Iran and Iraq
Iranian Revolution,Q126065,1978–1979 revolution that overthrew the monarchy
Iraq-Iran War,Q82664,1980-1988 war between Iran and Iraq
Iraqi Revolt,Q616851,Iraqi uprising against British rule
Irish Baron's War,,
Irish Civil War,Q748042,conflict that followed the Irish War of Independence and accompanied the establishment of the Irish Free State
Irish Rebellion of 1798,Q944941,1798 rebellion during the French Revolutionary Wars
Irish War of Independence,Q208297,war of national liberation
Italian Regency of Carnaro,Q1423581,former country

Italian War,Q677316,91-87 BCE war between the Roman Republic and its rivals


Italian Wars,Q273348,Wars in Italy from the 15th to 16th centuries

Italo-Ethiopian War,Q3778598,military conflict between the Kingdom of Italy and the Ethiopian Empire between 1887-1889
Italo-Turkish War,Q203824,1911–12 war between the Ottoman Empire and the Kingdom of Italy


Jacobite rising of 1689,Q48785102,Revolt in Jacobitism
Jameson's Raid,,
January 28 incident,Q515545,conflict
Japan's Era of Warring States,,


Japanese Christian Uprising,,
Japanese Internal Conflict,,
Japanese Invasion of Korea,,

Jebel Akhdar War,Q6172500,1954-1959 armed conflict in Oman

Jewish Rising against Rome,,
Jewish-Babylonian War,,
Jin-Song Wars,,
Jinshin War,Q2378252,672 succession war in Japan
Jokyo Disturbance,,
Jugurthine War,Q669196,work by Sallust
Jurchen Invasion of Northern China,,
Kandyan Wars,Q6361719,British Army expeditionary campaigns

Kargil War,Q404517,1999 India–Pakistan conflict
Kett's Rebellion,Q27566029,"1549 revolt in Norfolk, England during the reign of Edward VI, largely in response to the enclosure of land"

Khmelnytsky Uprising,Q641479,Cossack rebellion within the Polish-Lithuanian Commonwealth in 1648–1657


King George's War,Q517578,North American theater of the War of the Austrian Succession
King Phillip's War,,

King William's War,Q1070342,North American theater of the Nine Years' War

Korean War,Q8663,"war between North and South Korea, 1950–1953"
Kuwait-Najd War,,
Lamian War,Q28365,fought by a coalition of Greek cities against Macedon and its ally Boeotia
Laotian Civil War,Q877450,1953–1975 civil war in Laos
Later Afghan War of Succession,,
Later Christian Reconquest of Spain,,
Later Christian-Muslim Wars in Spain,,
Later Dutch Wars in the East Indies,,
Later German Imperial Wars,,
Later Hungarian-Ottoman Wars,,
Later Indian Dynastic Wars,,

Later Mughal-Maratha Wars,,
Later Muslim Conquest of Northern India,,
Later Muslim Conquest of Northern Italy,,

Later Portuguese Colonial Wars,,
Later Portuguese Colonial Wars in Arabia,,
Later Portuguese Colonial Wars in Asia,,
Later Portuguese Colonial Wars in East Africa,,
Later Portuguese Wars in East Africa,,
Later Roman Etruscan War,,
Later Roman Military Civil Wars,,
Later Roman Parthian Wars,,
Later Roman Wars of Succession,,
Later Scottish Clan Wars,,
Later Wars of Wessex,,
Latin War,Q737907,"wars fought between ancient Rome (including both the Roman Kingdom and the Roman Republic) and the Latins, from the earliest stages of the history of Rome until the final subjugation of the Latins to Rome in the aftermath of the Latin War"
Latin-Epirote War,,
Latvian War of Independence,Q543042,series of military conflicts in Latvia between 1918 and 1920 after Soviet Russia invaded the newly proclaimed Republic of Latvia
Lebanese Civil War,Q208484,1975–1990 Civil War in Lebanon
Libyan-Chad War,,
Lithuanian Wars of Independence,Q2742886,"refer to three wars Lithuania fought defending its independence at the end of World War I: with Bolshevik forces (December 1918 – August 1919), Bermontians (June 1919 – December 1919), and Poland (August 1920 – November 1920)"
Little Wichita,Q16942578,river in the United States of America
Livonian War,Q246863,war in the Baltic region (1558-1583)
Lombard Invasion of Italy,,
Lubomirski's Rebellion,,
Maccabean War,,
Macedonian Wars,Q75813,series of conflicts between the Roman Empire and various Greek kingdoms
Macedonian-Egyptian Wars,,
Mad War,Q777345,late Medieval conflict between a coalition of feudal lords and the French monarchy
Magyar Invasion of Germany,,
Mahdist War,Q31944,British colonial war
Maji Maji Rebellion,Q705553,"Uprising in the south and east of German East Africa, 1905-1907."
Malagasy Uprising,Q2506639,1940s rebellion in Madagascar
Malwa-Bahmani Wars,,
Mameluco Wars,,
Mamluk Wars,,
Manchu Conquest of China,Q3427966,transition between two major dynasties in Chinese history between 1618 and 1683
Manchu Conquest of Korea,,
Manchu Restoration,Q1041813,attempt to restore the monarchy in China by Zhang Xun
Mandingo Wars,Q1450547,1883–1898 conflicts between France and the Mandingo people of West Africa
Maratha Civil War,,
Maratha Rebellions,,
Maratha Territorial Wars,,
Maratha War of Succession,,
Maratha-Mysore Wars,,
Marian Civil War,Q6762017,"period of conflict which followed the abdication of Mary, Queen of Scots, and her escape from Loch Leven Castle in May 1568"
Masakado Uprising,,
Masaniello's Insurrection,,
Masulipatam,Q845662,"city in Krishna district, Andhra Pradesh, India"
Matabele War,Q440315,Wikimedia disambiguation page
Matabele War Advancing,,
Mau Mau Uprising,Q476855,anti- colonial Insurgency in Kenya from 1952 to 1960
Mayan Revolt in Belize,,
McDonald Rebellion,,
Median-Lydian War,Q30893234,
Mexican Civil War,Q214426,nationwide armed struggle in Mexico (1910–1920)
Mexican Federalist War,,
Mexican Liberal Rebellion,,
Mexican Revolution,Q214426,nationwide armed struggle in Mexico (1910–1920)
Mexican War of Independence,Q68750,armed conflict which ended the rule of Spain in the territory of New Spain
Mexican invasions of 1842,,
Mexican-American War,Q6683,military conflict between the United States of America and Mexico from 1846 to 1848
Mexican-Apache Wars,,
Mexican-French War,,
Miguelite Wars,,
Milanese War of Succession,Q85785480,war of succession
Ming Imperial Wars,,
Mithridatic Wars,Q1616064,1st-century BCE wars between the Roman Republic and the Kingdom of Pontus
Modoc Indian War,,
Moldavian Civil War,,
Moldavian Revolt,,
Moldavian-Ottoman Wars,,
Mongol Conquest of Asia Minor,,
Mongol Conquest of China,,
Mongol Conquest of Europe,,
Mongol Conquest of Russia,,
Mongol Dynastic Wars,,
Mongol Invasion of Europe,Q852171,13th century conquests by the Mongol Empire
Mongol Invasion of India,Q19562959,1297–1298 Mongol military expedition in India
Mongol Invasion of the Middle East,,
Mongol Invasions of India,Q2079940,history of Mongols with India
Mongol Wars of Kublai Khan,,
Mongol invasions and conquests,Q2092093,series of Mongol invasions and conquests (1206–1405)
Monmouth Rebellion,Q1940446,1685 English rebellion against James II
Montenegran-Scutari War,,
Montenegrin-Ottoman War,Q4513932,

Morgan's Raid on Panama,,
Mormon War,Q1501025,"armed conflict in Utah Territory, USA between 1857–1858"
Moro Rebellion,Q11883242,1899–1913 conflict between the Moro peoples and the United States Army
Moroccan War,Q16877422,Wikimedia disambiguation page
Moroccan-Songhai War,,
Mughal Conquest of Northern India,,
Mughal Conquest of the Deccan Sultanates,,
Mughal Conquest of the Delhi Sultanate,,
Mughal Dynastic War,,
Mughal Invasion of Assam,,

Mughal Uzbek Wars,Q131315152,
Mughal War of Succession,Q23039094,1707–1709 civil war in the Mughal Empire

Mughal-Ahmadnagar Wars,,
Mughal-Berad Wars,,
Mughal-Hyderabad Wars,,
Mughal-Maratha War,,
Mughal-Maratha War of Ismail Beg,,
Mughal-Sikh Wars,,
Mughal-Uzbek Wars,Q131315152,
Mukden incident,Q242099,dynamite explosion on railway line near Mukden (Shenyang) in 1931
Muscovite-Lithuanian Wars,Q1567698,1487-1583 series of wars between the Grand Duchy of Lithuania and the Grand Duchy of Moscow

Muslim Civil Wars,,
Muslim Conquest of Egypt,,
Muslim Conquest of Iran,,
Muslim Conquest of Iraq,,
Muslim Conquest of North Africa,,
Muslim Conquest of Northern India,,
Muslim Conquest of Sindh,Q112182472,Umayyad conquest of Sindh in 711
Muslim Conquest of Spain,,
Muslim Conquest of Syria,Q248984,7th-century conquest by the Rashidun Caliphate
Muslim Invasion of France,,

Napoleonic Wars,Q78994,1803–1815 wars involving the French Empire
Natal War,,



Neapolitan-Byzantine War,,
Neapolitan-Papal War,,
Netherlands War,Q2797811,Dutch foundation
New Zealand Wars,Q1545405,1845–1872 armed conflicts in New Zealand
Nez Perce War,Q1456086,war
Nicaraguan Colonial War,,
Nicaraguan-Honduran War,,
Nigerian Civil War,Q829875,violent conflict within Nigeria
Nike Insurrection,,
Nine Years War,,
Nine Years' War (Ireland),,
Ningxia Mutiny,,
Norman Conquest of Britain,,
Norman Conquest of Sicily,Q135172832,1061–1091 conquest
Norman Conquest of Southern Italy,Q74011,historical event in the European Middle Ages

Norman Dynastic Wars,,
Norman-Papal War,,
North African War of Louis XIV,,
North-West Rebellion,Q1506788,1885 resistance by the Métis and Cree peoples against Canada
Northern Crusades,Q51662,12th/13th century crusades around the Baltic Sea
Northern Seven Years' War,Q158677,16th-century war fought in Scandinavia
Northern War,Q2470023,"1845–46 conflict between the British Empire and Māori warriors in Northland, New Zealand"

Northern and Southern Dynasties period conflicts,,

Norwegian Invasion of England,,
Norwegian Invasion of Scotland,,
Norwegian Wars of Succession,,
Numantian War,,
O'Donnell's Rebellion,,
O'Neill Rebellion,,
Ogden War,Q318250,1977-78 Somali military offensive over the disputed Ogaden region of Ethiopia
Old Zurich Wars,,
Oman Revolt,,
Opium War,Q1071212,2008 film by Siddiq Barmak
Orange Free State War,,
Ottoman Civil Wars,,
Ottoman Conquest of Persia,,
Ottoman Conquest of the Balkans,,
Ottoman Invasion of Montenegro,,

Ottoman Saudi War 1818,,

Ottoman-Mamluk War,,
Ottoman-Persian Wars,,
Ottoman-Turcoman War,,
Ottoman-Venetian wars,Q1420791,series of wars in the 14th–18th century
Ottoman-Wahhabi War,,
Ottoman-Wallachian wars,Q10706569,






Padua-Verona War,,

Pancho Villa Expedition,Q1926257,1916 U.S. military operation against revolutionary forces in northern Mexico
Papal-Imperial Wars,,
Paraguayan Civil War of 1947,Q1122422,1947 civil war in Paraguay
Paraguayan War,Q58947,large-scale conflict in South America (1864–1870)
Paraguayan War of Independence,,
Paris Commune,Q133132,revolutionary city council of Paris in 1871
Pastry War,Q856168,war between France and Mexico
Pathan Rising,,
Pathan War,,
Peasants War,Q134967929,2020 video game developed by New Companion
Peloponnesian War,Q33745,war fought between Athens and Sparta (431–404 BCE)

Percy's Rebellion,,
Pergamum-Seleucid Wars,,

Persian Civil War,Q63156812,1779-1794 civil war
Persian Invasion of Egypt,,
Persian Invasion of India,,
Persian Reconquest of Khorasan,,
Persian War of Succession,Q74013105,Wikimedia disambiguation page


Persian-Afghan Wars,,
Persian-Arab Wars,,
Persian-Babylonian War,,
Persian-Georgian War,,
Persian-Georgian Wars,,
Persian-Lydian War,,
Persian-Mughal Wars,,
Persian-Parthian War,,

Persian-Turkoman Wars,,
Persian-Uzbek Wars,Q7170193,series of conflicts 1502-1510
Peruvian Civil War,Q852133,armed conflict in Peru during 1980-2000 of left insurgent groups (Shining Path and MRTA) against Peruvian governments and far-right death squats

Peruvian War,Q68478,"1811–1824 war between Spanish Royalists and Patriot forces, which led to the Independence of Peru"
Peruvian War of Independence,Q68478,"1811–1824 war between Spanish Royalists and Patriot forces, which led to the Independence of Peru"
Peruvian-Spanish War,,
Philippine Revolution,Q422082,1896–1898 conflict against Spanish colonial authorities
Philippine-American War,Q214456,armed conflict between the First Philippine Republic and the United States


Philistine-Israeli Wars,,

Pisacane Rebellion,,

Platine Wars,Q10356223,time period in Brazilian historiography
Polish Bohemian War,Q54286075,


Polish Moldavian War,Q3778712,1497 war
Polish Rebellion,,
Polish Rising,,
Polish Tatar Rebellion,,

Polish-Czechoslovak War,,
Polish-German Wars,,

Polish-Russian War (1654-1667),,
Polish-Soviet War,Q11698947,Unit of the Polish Army during the Polish–Soviet War
Polish-Swedish War of 1600-1629,,
Polish-Tatar Wars,,
Polish-Teutonic Wars,,

Pontiac's War,Q179077,"1763 war launched by Native American tribes primarily from the Great Lakes region, the Illinois Country, and Ohio country against Kingdom of Great Britain"



Portuguese Colonial Wars in Africa,,
Portuguese Colonial Wars in Asia,,
Portuguese Colonial Wars in East Africa,,
Portuguese Colonial Wars in North Africa,,
Portuguese Colonial Wars in West Africa,,
Portuguese War of Succession,,
Portuguese Wars in Africa,,
Portuguese-Castilian War,,
Portuguese-Dutch Colonial Wars,,
Portuguese-Maratha War,,

Pueblo Rising,,
Pugachev Rebellion,,
Punic Wars,Q124988,"series of three wars fought between Rome and Carthage from 264 BC to 146 BC, at the time probably the largest wars that had ever taken place"
Punjab Campaigns of Shah Zaman,,
Punjab Disturbances,Q7260250,court inquiry into political turmoil around Ahmadiyya


Pyrrhic War,Q596373,war
Quasi-War,Q655480,1798-1800 naval war during the French Revolutionary Wars

Queen Anne's War,Q869045,North American theater of the War of the Spanish Succession


Reapers War,,
Rebellion of Prince Shahjahan,,

Rebellion of the Marches,,
Rebellion of the Three Guards,Q7797508,11th-century BC conflict
Red Cloud's War,Q2060306,"1866 to 1868 war between the U.S. and Lakota, Northern Cheyenne, and Northern Arapaho"

Revolution of 1904,,
Riel Rebellion,Q7333111,Wikimedia disambiguation page
Rif War,Q766437,1921–1926 war between Spain and Berber tribes of Morocco
Rise of Argos,,
Rise of Charles Martel,,
Rise of Robert the Bruce,,
Rise of Russia,,
Rise of Sokoto,,
Rise of William of Normandy,,
Rise of the Ming Dynasty,,
Rise of the Tang Dynasty,,
Rogue River War,Q1382989,war in the Rogue River Valley in Oregon; part of the American Indian Wars
Rohilla War,Q86750624,Wikimedia disambiguation page
Roman Civil Wars,Q1747183,civil conflicts within ancient Rome
Roman Conquest of Britain,Q1258062,1st century AD invasion of Britain by the Romans
Roman Invasion of Britain,Q1258062,1st century AD invasion of Britain by the Romans

Roman Pontian Wars,,

Roman Syrian War,,

Roman Wars of Succession,,
Roman-Achaean War,,

Roman-Aequian wars,Q15054314,Series of wars between the ancient Romans and the Aequi
Roman-Etruscan Wars,Q3119190,series of wars between the Romans and the Etruscans
Roman-Frankish Wars,,
Roman-Germanic Wars,,
Roman-Nubian War,,

Roman-Palmyrean War,,
Roman-Parthian Wars,Q1192043,series of conflicts between the Parthian Empire and the Roman Republic and Roman Empire
Roman-Persian Wars,Q500409,series of wars between ancient Greco-Roman and Iranian states
Roman-Pontian Wars,,
Roman-Spartan War,,
Roman-Syrian War,,
Roman-Vandal Wars,,



"Rome, Sarus the Goth, Uldin the Hun",,
Royalist Rising,,
Russia,Q159,country in Eastern Europe and Northern Asia
Russia's Volga Wars,,
Russian Civil War,Q79911,"multi-sided civil war in the former Russian Empire, November 1917-October 1922"
Russian Conquest of Alaska,,
Russian Conquest of Siberia,Q735349,process of incorporation Siberia and Northern Far East into Russia since 1550s untill 1700s
Russian Conquest of the Caucasus,Q23039096,19th-century conquest of the Caucasus by the Russian Empire
Russian Dynastic Wars,,
Russian Invasion of Crimea,Q15833607,2014 invasion of Ukraine by Russia
Russian Invasion of Moldavia,,
Russian Invasion of the Caspian,,



Russian conquest of Central Asia,,
Russian-Mongol Wars,,


Russo-Afghan War,,
Russo-Finnish War,Q3916827,series of wars between the USSR and Finland

Russo-Japanese War,Q159950,conflict between the Russian and Japanese empires from 1904 to 1905
Russo-Ming War,,
Russo-Persian Wars,Q8543350,series of wars between Persia and Russia


Russo-Swedish Wars,Q278709,series of wars between 12th and 19th century

Russo-Turkish Wars,Q743046,series of wars in the 17th–19th century

Sack of Havana,,
Sack of Mecca,Q119295176,Qarmatian sack of Mecca
Saga Rebellion,Q2446765,1874 anti-Meiji uprising in Japan
Samnite War,Q109251,series of wars between the early Roman Republic and the Samnites on the Italian Peninsula
Samnite Wars,Q109251,series of wars between the early Roman Republic and the Samnites on the Italian Peninsula
Santo Domingo Rising,,
Sapoa Revolution,,
Satsuma Rebellion,Q714820,"revolt of disaffected samurai against the new imperial government, nine years into the Meiji Era"
Saudi-Hashemite Wars,,
Saudi-Rashidi War,,
Saudi-Yemeni War,Q47016040,Wikimedia disambiguation page
Saxon Wars,Q499909,campaigns and insurrections (772–804) between the Carolingian Empire and Saxons in what is now northwestern Germany; resulted in the incorporation of Saxony into the Frankish realm and their forcible conversion from Germanic paganism to Catholicism
Scandinavian National Wars,,
Scania War,,
Schmalkaldic War,Q168556,16th-century conflict of the Protestant Reformation in the Holy Roman Empire
Scottish Baron's Rebellion,,
Scottish Barons Rebellion,,
Scottish Clan Wars,,
Scottish Covenanter Rebellion,,
Scottish Dynastic Wars,,
Scottish Royalist War,,
Scottish War,Q7438130,Review of the topic
Scottish War of Succession,,
Second Anglo-Afghan War,Q233507,1878–1880 war between the British Empire and the Emirate of Afghanistan
Second Anglo-Burmese War,Q233500,war between imperial Britain and Burma in the 19th century
Second Anglo-Maratha War,Q233642,conflict between the British East India Company and the Maratha Empire
Second Anglo-Mysore War,Q233663,war
Second Anglo-Sikh War,Q243590,1848-1849 war in the Pubjab
Second Balkan War,Q184183,"continuation of the First Balkan War in which Bulgaria fought Serbia, Greece, Romania and the Ottoman Empire"

Second Boer War,Q215112,war between two Boer Republics (South African Republic and Orange Free State) and the United Kingdom
Second Carnatic War,Q233601,war
Second Chechen War,Q120843,war in Chechnya
Second Franco-Dahomean War,Q2090475,conflict between France and the Kingdom of Dahomey (1892-1894)
Second Honduran Civil War,Q6123725,1924 civil war
Second Italian War of Independence,Q540978,"1859 conflict, part of the Italian unification (Risorgimento)"
Second Italo-Ethiopian War,Q94916,1935-1936 war between Italy and Ethiopia
Second Italo-Senussi War,,
Second Macedonian War,Q75665,war
Second Madagascar expedition,Q4127978,"French military intervention which took place in 1894-1895, sealing the conquest of the Merina Kingdom on the island of Madagascar by France"
Second Opium War,Q418151,1856 - 1860 War between British Empire and China
Second Partition of Poland,Q3025374,1793 division of Poland
Second Revolution (Republic of China),,
Second Schleswig War,Q154981,second military conflict as a result of the Schleswig-Holstein Question
Second Sino-Japanese War,Q170314,Japanese invasion of China (1937–1945)
Second Zhili-Fengtian War ,,
Second Zulu Civil War,,
Seleucid Dynastic War,Q19845460,wars of succession

Seljuk Wars of Expansion,,
Seminole Wars,Q900693,19th-century wars between the United States Army and the Seminole people of Florida
Serbian Imperial Wars,,

Serbo-Bulgarian War,Q740791,1885 war between Serbia and Bulgaria
Sertorian War,Q3778726,Roman civil war of the First Century BCE
Servile War,Q11475544,series of wars during the Roman Republic

Seven Years War,Q33143,global war among European powers (1756–1763)
Shaba War,,
Shays Rebellion,Q392601,armed uprising among farmers in Massachusetts between 1786 to 1787



Siamese Laotian Wars,,
Siamese invasions of Malacca,Q133696039,1447–1456 invasions
Siamese-Cambodian Wars,,
Siamese-Vietnamese wars,Q10788706,armed conflicts between the Siamese kingdoms and various Vietnamese dynasties
Sicilian Wars,Q1235331,series of conflicts (580–265 BCE) between Carthage and Syracuse over control of Sicily
Sikkim Expedition,Q16890896,1888 British military expedition to expel Tibetan forces from Sikkim
Simnels Rebellion,,
Sino-Burmese War,Q3237019,1765 Qing-Konbaung conflict
Sino-French War,Q706183,limited conflict (1881–1885) between France and China
Sino-Indian War,Q208694,1962 border conflict between China and India
Sino-Japanese War,Q178687,"1894–1895 war between the Qing dynasty and the Empire of Japan over influence in Joseon, fought chiefly in Joseon"
Sino-Korean War,Q16876111,Wikimedia disambiguation page
Sino-Soviet conflict (1929),,
Sioux Indians,Q20441352,painting by George Catlin
Sioux Wars,Q3778746,conflicts between the USA and subgroups of the Sioux people from 1854–1890
Six Dynasties,Q1197281,period of Chinese history (220–589)
Six-Day War,Q49077,"1967 war between Israel and Egypt, Jordan, and Syria"
Sixteen Kingdoms,Q683551,period of Chinese history from 304 to 439
Social War,Q677316,91-87 BCE war between the Roman Republic and its rivals

Sogdian Rock,Q1887690,"fortress located north of Bactria in Sogdiana (near Samarkand), was captured by the forces of Alexander the Great in the early spring of 327 BC as part of his conquest of the Achaemenid Empire"
Somalian Civil War,,
Somaliland campaign,,
Sonderbund War,Q688297,civil war in Switzerland in November 1847
Song-Xia wars,,
South Yemeni crisis,,
Soviet-Japanese border conflicts,,
Spanish Civil War,Q10859,war between the Republicans and the Nationalists in Spain from 1936 to 1939

Spanish Colonial Wars in North Africa,,


Spanish Revolution,Q1982745,workers' social revolution
Spanish Territorial Wars,,

Spanish-American War,Q12583,1898 conflict between Spain and the United States
Spanish-Portuguese War,Q4204142,1776-1777 war fought over the border between Spanish and Portuguese South America




Suebi-Vandal War,Q96749450,
Suez Crisis,Q49101,"1956 invasion of Egypt by Israel, the United Kingdom, and France"

Sumitomo Uprising,,
Suri-Bengal War,,
Swabian War,Q165136,war in 1499
Swedish War,Q688308,rebellion and a civil war in which the Swedish nobleman Gustav Vasa successfully deposed the king Christian II as regent of the Kalmar Union in Sweden
Swedish Wars of Succession,,
Swiss Peasant War,Q670936,peasant revolt

Swiss-Milanese Wars,,
Syrian Wars,Q1330607,series of wars between Egypt and the Seleucid Empire in Syria (274-168 BCE)
Taiping Rebellion,Q192408,Qing Dynasty era rebellion (1851–1864)
Taiping War,Q192408,Qing Dynasty era rebellion (1851–1864)
Tang Imperial Wars,,
Tecumseh's Confederacy,Q717738,19th Century Native American confederation in the Great Lakes region
Ten Years' War,Q184637,armed conflict in Cuba between 1868 and 1878
Texas Revolution,Q638530,"war between Texans and Mexico, 1835-1836, resulting in the independent Republic of Texas"





Thai Invasion of Cambodia,,
The Kronstadt Rebellion,Q19958692,book by Alexander Berkman
Third Anglo-Afghan War,Q1259237,1919 war between the British Empire (India) and the Emirate of Afghanistan
Third Anglo-Burmese War,Q1209946,19th century war between the Burmese and the British
Third Anglo-Maratha War,Q617210,conflict between the British East India Company and the Maratha Empire (1817–1819)
Third Anglo-Mysore War,Q617350,conflict between the Kingdom of Mysore and the East India Company and its allies
Third Italian War of Independence,Q1248722,"1866 conflict, part of the Italian unification (Risorgimento)"
Third Macedonian War,Q76118,war between the Roman Republic and King Perseus of Macedon
Third Punic War,Q6334,war between the Roman Republic and Carthage between 149 and 146 BCE
Third Sacred War,Q1249270,war with Phocians over Delphi
Third Servile War,Q194378,major slave rebellion against the Roman Republic (73-71 BCE)
Third Zulu Civil War,,
Thirty Years War,Q2487,war principally fought in Central Europe from 1618 to 1648
Thousand Days' War,Q43378,1899–1902 civil war in Colombia
Tiepolos Rebellion,,
Timoleons War,,
Timurid conquests and invasions,Q65121240,wars and campaigns of Timurids
Towns War,,
Trajan's First Dacian War,Q56045338,scientific article published in November 1918
Trajan's Second Dacian War,,
Transylvanian National Revolt,,
Transylvanian Peasant War,,
Transylvanian peasant revolt,Q833441,Revolt in Transylvania
Tripolitan War,Q468293,war against Barbary pirates
Trojan War,Q42937,legendary war in Greek mythology
Turkish Invasion of Cyprus,Q1050999,1974 military conflict on Cyprus Island
Turkish War,Q234738,war fought between the Turkish National Movement and the Entente and their proxies
Uganda-Tanzania War,Q202465,1978–1979 armed conflict in East Africa
United States expedition to Korea,Q485415,1871 American expedition to open up trade
United States invasion of Grenada,Q501866,1983 conflict in Grenada involving US and Cuban led forces
United States invasion of Panama,Q459282,1989 conflict in Panama involving the United States and the Panamanian Defense Force
Uruguayan Civil War,Q2672972,1839-1851 civil war in Uruguay
Uruguayan War,Q3042463,1864–1865 war between Brazil and Uruguay
Vandalic War,Q1136575,6th-century war of reconquest by the Eastern Roman Empire in North Africa
Vellore Mutiny,Q1926145,1806 revolt against the East India Company


Venezuelan War,Q8934,Venezuelan section of the Spanish American war of independence
Venezuelan War of Independence,Q8934,Venezuelan section of the Spanish American war of independence
Vietnam War,Q8740,"armed conflict in Vietnam, Laos, and Cambodia between North Vietnam and South Vietnam, from 1955 to 1975"
Vijayanagar-Gajapati War,,
Viking Expansion,Q3733063,"exploration, settlement, and raids performed by Norse population"
War against Malabar Pirates,,
War in Afghanistan,Q182865,armed conflict between NATO countries and Afghanistan since 2001
War of 1812,Q26013,conflict between the United States and the British Empire from 1812 to 1815
War of Canudos,Q2350166,1895–1898 internal conflict in Brazil
War of Castillian Succession,,
War of Chioggia,Q1074467,war
War of Devolution,Q25857,war between France and Spain for the Spanish Netherlands (1667–1668)
War of Flemish Succession,,
War of Independence,Q40949,"1775–1783 war between Great Britain and the Thirteen Colonies, which won independence as the United States of America"
War of Kalmar,,
War of Leonese Succession,,
War of Liberation,Q609836,1961–1974 armed conflicts in Africa between Portugal and independence movements
War of Melilla,,
War of Spanish Succession,,
War of Welsh Succession,,
War of the American Revolutio,Q40949,"1775–1783 war between Great Britain and the Thirteen Colonies, which won independence as the United States of America"
War of the Austrian Succession,Q32929,1740–1748 war
War of the Brothers,Q42044165,
War of the Castilian Succession,Q282135,military conflict contested from 1475 to 1479
War of the Castillian Succession,,
War of the Chioggia,,
War of the Confederation,Q601811,war in South America between 1836 and 1839

War of the Desert,,
War of the German Reformation,,

War of the Holy League,Q74623,"series of conflicts (1683–1699) between the Ottoman Empire and the Holy League (Habsburg Empire, Poland-Lithuania, Venice, Russia), ending with the latter's victory"
War of the Japanese Emperors,,
War of the League of Cambrai,Q636365,conflict in the Italian Wars of 1494–1559
War of the Meiji Restoration,,
War of the Mughal Princes,,
War of the Pacific,Q152004,war between Chile and a Bolivian–Peruvian alliance
War of the Polish Succession,Q212658,war in Europe 1734–1738
War of the Quadruple Alliance,Q221941,"war (1717–1720) between Spain and the Quadruple Alliance (Britain, France, Austria, the Dutch Republic), resulting in a draw, returning to the previous territorial situation through the Treaty of The Hague en la que España se follo a toda europa"
War of the Roses,Q723223,2012 video game
War of the Sicilian Vespers,Q2599340,"conflict from 1282-1302 between various French, Spanish, and Italian kingdoms"
War of the Spanish Succession,Q150701,major European conflict (1700–1714) after the death of Charles II
War of the Swabian League,,
War of the Three Sanchos,Q1218354,Medieval war in the Iberian Pennisula
Warring States Period in Japan,,
Wars in Lombardy,Q2506432,wars in Northern Italy in the first half of the 15th century.
Wars of Alexander the Great,Q551888,"conflicts fought by King Alexander III of Macedon (""The Great""), against other Greek powers, the Persian Empire and warlords as far east as India"
Wars of Charlemagne,,
Wars of China's Spring and Autumn Era,,
Wars of Russian Succession,,
Wars of Scandinavian Union,,
Wars of Sosso,,
Wars of the Achaean League,,
Wars of the Achean League,,
Wars of the Catalan Company,,
Wars of the Deccan Sultanate,,
Wars of the Delhi Sultanate,,
Wars of the Diadochi,Q2912306,series of conflicts after the death of Alexander the Great
Wars of the Five Dynasties,,
Wars of the Former Han,,
Wars of the Great Seljuk Sultanate,,

Wars of the Roses,Q127751,dynastic civil war in England from 1455 to 1487
Wars of the Songhai Empire,,

Wars of the Three Kingdoms,Q2577772,"British civil wars, 1639–1651"
Waziristan campaign,Q7976949,operations conducted by the British and Indian Armies in Waziristan in 1919–20
Welsh Dynastic War,,
West Florida Controversy,Q17041519,two border disputes that involved Spain and the United States
Western Rebellion,Q499763,popular revolt in Devon and Cornwall in 1549
Western Sahara War,Q1093550,conflict between rebels in Sahara and Morocco between 1975 and 1991. It began again in 2020
Western Zhou,Q1069609,"Chinese dynasty (c.1046-c,771 BCE)"
World War I,Q361,"global war originating in Europe, 1914–1918"
World War II,Q362,1939–1945 global conflict

Xhosa Wars,Q582594,series of conflicts
Yakima War,Q3119015,conflict between the United States and the Yakama

Yom Kippur War,Q49100,October 1973 war between Egypt and Syria at one side and Israel on the other side
Yugoslav Wars,Q242352,1991–2001 series of wars and ethnic conflicts that took place on the lands of the former Yugoslavia
Zanj Rebellion,Q759988,slave revolt against the Abbasid Caliphate
Zebrzydowski Rebellion,Q581254,1609 rebellion in the Polish-Lithuanian Commonwealth
Zhili-Anhui War,,
Zulu Rebellion,Q3274751,"Uprising in the colony of Natal, South Africa, in 1906, led by Bambatha, deposed chief of the Zondi tribe; often referred to as the poll tax rebellion"
the Scottish War,Q59547131,doctoral thesis by Ranald George Nicholson
x,Q918,American social networking service founded in 2006


